Label,Serial Number,Serial Numbe(others),,,
PT0001,100001,,,,
PT0002,100002,,,,
PT0003,100006,,,,
PT0004,100032,,,,
PT0005,100037,,,,
PT0006,100038,,,,
PT0007,100049,,,,
PT0008,100061,,,,
PT0009,100086,10044407,,,
PT0010,100089,,,,
PT0011,100092,,,,
PT0012,100104,,,,
PT0013,100150,,,,
PT0014,100158,,,,
PT0015,100159,,,,
PT0016,100176,,,,
PT0017,100178,,,,
PT0018,100181,,,,
PT0019,100211,100212,,,
PT0020,100214,100219,131359,,
PT0021,100215,144984,,,
PT0022,100218,,,,
PT0023,100223,,,,
PT0024,100224,,,,
PT0025,100260,,,,
PT0026,100325,,,,
PT0027,100343,,,,
PT0028,100344,,,,
PT0029,100347,,,,
PT0030,100349,,,,
PT0031,100358,,,,
PT0032,100359,,,,
PT0033,100362,,,,
PT0034,100364,,,,
PT0035,100365,,,,
PT0036,100369,,,,
PT0037,100372,,,,
PT0038,100391,,,,
PT0039,100400,,,,
PT0040,100413,,,,
PT0041,100469,,,,
PT0042,100481,,,,
PT0043,100485,,,,
PT0044,100498,,,,
PT0045,100505,,,,
PT0046,100514,120189,,,
PT0047,100577,,,,
PT0048,100644,,,,
PT0049,100710,,,,
PT0050,100712,,,,
PT0051,100716,104304,,,
PT0052,100718,,,,
PT0053,100823,,,,
PT0054,100829,,,,
PT0055,100831,,,,
PT0056,100833,,,,
PT0057,100843,,,,
PT0058,100850,,,,
PT0059,100854,,,,
PT0060,100912,,,,
PT0061,101068,,,,
PT0062,101201,,,,
PT0063,101221,,,,
PT0064,101339,,,,
PT0065,101343,,,,
PT0066,101344,,,,
PT0067,101345,,,,
PT0068,101350,,,,
PT0069,101351,,,,
PT0070,101352,,,,
PT0071,101353,,,,
PT0072,101356,,,,
PT0073,101357,,,,
PT0074,101359,,,,
PT0075,101360,,,,
PT0076,101369,,,,
PT0077,101372,,,,
PT0078,101532,,,,
PT0079,101560,,,,
PT0080,101776,,,,
PT0081,102138,,,,
PT0082,102323,,,,
PT0083,102367,,,,
PT0084,102428,,,,
PT0085,102534,,,,
PT0086,102553,,,,
PT0087,102646,,,,
PT0088,102715,,,,
PT0089,102728,,,,
PT0090,102956,,,,
PT0091,103114,,,,
PT0092,103430,,,,
PT0093,103651,,,,
PT0094,103693,,,,
PT0095,103717,,,,
PT0096,104080,,,,
PT0097,104171,,,,
PT0098,104257,,,,
PT0099,104321,104322,,,
PT0100,104323,,,,
PT0101,104864,,,,
PT0102,104875,,,,
PT0103,105016,,,,
PT0104,105105,,,,
PT0105,105107,105110,,,
PT0106,105111,,,,
PT0107,105251,,,,
PT0108,105298,,,,
PT0109,105330,,,,
PT0110,105344,,,,
PT0111,105346,,,,
PT0112,105867,,,,
PT0113,105917,153714,,,
PT0114,106551,106553,,,
PT0115,106574,,,,
PT0116,106623,,,,
PT0117,106632,,,,
PT0118,106675,,,,
PT0119,106720,,,,
PT0120,106916,,,,
PT0121,106917,,,,
PT0122,106918,,,,
PT0123,106989,,,,
PT0124,106990,,,,
PT0125,107091,,,,
PT0126,107271,,,,
PT0127,107407,,,,
PT0128,107426,,,,
PT0129,107581,,,,
PT0130,107586,,,,
PT0131,107675,,,,
PT0132,107849,,,,
PT0133,107971,,,,
PT0134,108014,,,,
PT0135,108184,,,,
PT0136,108255,,,,
PT0137,108357,,,,
PT0138,108442,144985,,,
PT0139,108443,,,,
PT0140,108444,,,,
PT0141,108458,,,,
PT0142,108462,,,,
PT0143,108490,,,,
PT0144,108530,,,,
PT0145,108768,,,,
PT0146,108787,,,,
PT0147,108870,,,,
PT0148,109021,,,,
PT0149,109041,,,,
PT0150,109048,,,,
PT0151,109049,,,,
PT0152,109067,,,,
PT0153,109111,110212,,,
PT0154,109503,,,,
PT0155,109510,,,,
PT0156,109533,,,,
PT0157,109535,,,,
PT0158,109536,,,,
PT0159,109538,,,,
PT0160,109540,,,,
PT0161,109558,,,,
PT0162,109560,,,,
PT0163,109565,,,,
PT0164,109566,,,,
PT0165,109567,,,,
PT0166,109570,,,,
PT0167,109571,,,,
PT0168,109572,,,,
PT0169,109594,,,,
PT0170,109598,,,,
PT0171,110126,,,,
PT0172,110301,,,,
PT0173,110359,,,,
PT0174,110438,,,,
PT0175,110467,,,,
PT0176,110470,,,,
PT0177,110519,,,,
PT0178,110593,,,,
PT0179,110597,,,,
PT0180,110611,,,,
PT0181,110630,,,,
PT0182,110678,,,,
PT0183,110729,,,,
PT0184,110733,,,,
PT0185,110912,,,,
PT0186,111210,,,,
PT0187,111374,,,,
PT0188,111451,,,,
PT0189,111556,,,,
PT0190,111631,,,,
PT0191,112074,,,,
PT0192,112357,,,,
PT0193,112482,,,,
PT0194,112519,121338,,,
PT0195,112628,,,,
PT0196,112996,118331,,,
PT0197,113107,,,,
PT0198,113283,,,,
PT0199,113287,,,,
PT0200,113434,122332,,,
PT0201,113453,,,,
PT0202,113456,,,,
PT0203,113928,,,,
PT0204,114254,,,,
PT0205,114334,,,,
PT0206,114420,,,,
PT0207,114463,,,,
PT0208,114509,,,,
PT0209,114575,,,,
PT0210,114577,,,,
PT0211,114594,,,,
PT0212,114613,,,,
PT0213,114667,,,,
PT0214,114670,,,,
PT0215,114671,,,,
PT0216,114729,,,,
PT0217,114794,,,,
PT0218,114859,114862,,,
PT0219,114946,116561,,,
PT0220,114947,115988,,,
PT0221,115307,,,,
PT0222,115309,117145,,,
PT0223,115312,,,,
PT0224,115339,,,,
PT0225,115443,,,,
PT0226,115444,,,,
PT0227,115447,,,,
PT0228,115461,,,,
PT0229,115753,,,,
PT0230,115754,118225,118673,,
PT0231,115908,,,,
PT0232,115980,,,,
PT0233,115982,,,,
PT0234,115983,,,,
PT0235,115992,116499,,,
PT0236,116546,,,,
PT0237,116562,,,,
PT0238,116599,,,,
PT0239,117215,,,,
PT0240,117217,,,,
PT0241,117218,,,,
PT0242,117229,148224,,,
PT0243,117243,,,,
PT0244,117375,117376,,,
PT0245,117434,119030,120076,,
PT0246,117444,,,,
PT0247,117494,,,,
PT0248,117550,,,,
PT0249,117559,,,,
PT0250,117616,,,,
PT0251,117626,,,,
PT0252,117710,,,,
PT0253,118137,119253,122971,141028,130725
PT0254,118250,,,,
PT0255,118790,148601,,,
PT0256,118832,,,,
PT0257,119081,,,,
PT0258,119250,119252,133181,,
PT0259,120139,,,,
PT0260,120171,,,,
PT0261,120199,,,,
PT0262,120200,,,,
PT0263,120202,,,,
PT0264,120262,,,,
PT0265,120298,,,,
PT0266,120833,152644,,,
PT0267,120923,,,,
PT0268,120926,,,,
PT0269,120938,,,,
PT0270,121009,,,,
PT0271,121030,,,,
PT0272,121121,,,,
PT0273,121186,121208,121304,,
PT0274,121292,,,,
PT0275,121714,,,,
PT0276,121760,,,,
PT0277,121762,,,,
PT0278,121817,,,,
PT0279,122158,,,,
PT0280,122392,,,,
PT0281,122483,,,,
PT0282,122604,122606,,,
PT0283,122620,,,,
PT0284,122925,,,,
PT0285,122973,,,,
PT0286,123026,,,,
PT0287,123256,,,,
PT0288,123274,,,,
PT0289,123433,,,,
PT0290,123492,,,,
PT0291,123595,,,,
PT0292,123723,,,,
PT0293,123756,,,,
PT0294,123771,,,,
PT0295,123787,,,,
PT0296,123805,,,,
PT0297,123840,,,,
PT0298,124089,,,,
PT0299,124216,,,,
PT0300,124217,,,,
PT0301,124218,,,,
PT0302,124325,,,,
PT0303,124334,,,,
PT0304,126847,126848,,,
PT0305,126916,,,,
PT0306,128419,130916,,,
PT0307,128545,,,,
PT0308,128546,,,,
PT0309,128573,128574,,,
PT0310,128605,,,,
PT0311,128606,,,,
PT0312,128632,,,,
PT0313,128654,,,,
PT0314,128699,,,,
PT0315,128758,,,,
PT0316,128759,,,,
PT0317,128785,,,,
PT0318,128786,,,,
PT0319,128815,,,,
PT0320,129891,,,,
PT0321,130419,,,,
PT0322,130445,,,,
PT0323,130449,,,,
PT0324,130497,,,,
PT0325,130616,,,,
PT0326,130617,,,,
PT0327,130618,,,,
PT0328,130619,130620,130722,130723,141027
PT0329,130700,,,,
PT0330,130718,,,,
PT0331,130739,,,,
PT0332,130789,130790,130791,,
PT0333,130872,,,,
PT0334,130900,,,,
PT0335,130915,,,,
PT0336,131289,143098,,,
PT0337,131348,,,,
PT0338,131349,,,,
PT0339,131352,,,,
PT0340,131372,,,,
PT0341,131384,,,,
PT0342,133117,,,,
PT0343,133203,133204,133205,133206,133207
PT0344,133208,133209,133210,133211,133212
PT0345,133304,,,,
PT0346,139369,,,,
PT0347,139411,,,,
PT0348,139412,,,,
PT0349,139434,,,,
PT0350,139435,,,,
PT0351,139513,,,,
PT0352,141144,,,,
PT0353,141287,,,,
PT0354,141413,,,,
PT0355,141414,,,,
PT0356,142115,,,,
PT0357,142578,,,,
PT0358,142657,158943,,,
PT0359,143131,,,,
PT0360,143205,152686,155387,,
PT0361,144342,,,,
PT0362,144343,144344,144345,144346,144347
PT0363,144348,144349,144350,,
PT0364,144364,,,,
PT0365,144567,144568,144569,144570,144571
PT0366,144854,,,,
PT0367,145706,,,,
PT0368,145715,,,,
PT0369,145717,,,,
PT0370,145727,155145,,,
PT0371,145743,,,,
PT0372,146714,,,,
PT0373,146900,,,,
PT0374,147115,,,,
PT0375,147901,,,,
PT0376,147947,,,,
PT0377,148986,195796,,,
PT0378,149839,,,,
PT0379,150448,,,,
PT0380,150450,,,,
PT0381,150452,,,,
PT0382,150512,,,,
PT0383,150521,,,,
PT0384,150522,,,,
PT0385,150688,,,,
PT0386,150689,,,,
PT0387,151599,,,,
PT0388,151705,,,,
PT0389,151706,,,,
PT0390,151823,,,,
PT0391,151930,,,,
PT0392,151955,,,,
PT0393,152478,,,,
PT0394,152534,,,,
PT0395,152642,,,,
PT0396,152650,,,,
PT0397,152651,,,,
PT0398,152677,,,,
PT0399,153359,,,,
PT0400,153548,158568,,,
PT0401,153549,,,,
PT0402,153550,,,,
PT0403,153551,,,,
PT0404,153552,,,,
PT0405,153760,,,,
PT0406,153762,,,,
PT0407,153807,,,,
PT0408,153810,,,,
PT0409,154001,,,,
PT0410,154033,,,,
PT0411,154160,,,,
PT0412,154185,,,,
PT0413,154409,,,,
PT0414,155863,,,,
PT0415,156436,,,,
PT0416,156508,,,,
PT0417,156613,156615,156617,,
PT0418,156614,156616,156618,,
PT0419,157084,,,,
PT0420,157424,,,,
PT0421,157433,,,,
PT0422,157674,,,,
PT0423,157966,,,,
PT0424,158222,158223,,,
PT0425,159134,,,,
PT0426,190029,,,,
PT0427,190169,,,,
PT0428,190170,,,,
PT0429,190232,,,,
PT0430,190233,,,,
PT0431,190372,,,,
PT0432,190373,,,,
PT0433,190727,190728,,,
PT0434,190775,,,,
PT0435,191186,,,,
PT0436,191274,,,,
PT0437,191405,191406,,,
PT0438,191407,191408,,,
PT0439,191409,191410,,,
PT0440,192285,192286,,,
PT0441,192805,,,,
PT0442,194531,,,,
PT0443,194548,,,,
PT0444,195357,,,,
PT0445,195419,,,,
PT0446,195422,,,,
PT0447,195464,10005580,,,
PT0448,195465,,,,
PT0449,128787,,,,
PT0450,305007,,,,
PT0451,336990,,,,
PT0452,10002570,,,,
PT0453,10002581,,,,
PT0454,10003193,,,,
PT0455,10004662,10004664,,,
PT0456,10005601,,,,
PT0457,10036516,,,,
PT0458,10039501,,,,
PT0459,10042205,,,,
PT0460,10040625,,,,
PT0461,10044290,,,,
PT0462,TS0101,,,,
PT0463,100507,,,,
PT0464,100033,,,,
PT0465,101375,,,,
PT0466,110308,,,,
